{
  "label": "ESSER (all states, all dollar columns)",
  "N": 1302558,
  "mad": 0.0029734470676359673,
  "expected_mad": 0.00018998430294598774,
  "excess_mad": 0.0027834627646899797,
  "conformity": "nonconforming",
  "chi2": 1349.2245052159308,
  "p_value": 5.377314360192375e-286,
  "observed_counts": [
    407241,
    226146,
    161649,
    126701,
    104965,
    84065,
    72922,
    63943,
    54926
  ],
  "expected_counts": [
    392109.02909208403,
    229369.07821305003,
    162739.95087903395,
    126230.91272374796,
    103138.16548930209,
    87202.0764076723,
    75537.87447136168,
    66629.12733401608,
    59601.78538973189
  ],
  "observed_proportions": [
    0.312647114370339,
    0.17361683702376401,
    0.12410119165518925,
    0.09727090847394128,
    0.08058374367974401,
    0.0645383929160928,
    0.05598368748263033,
    0.049090328415318164,
    0.042167795982981184
  ],
  "expected_proportions": [
    0.3010299956639812,
    0.17609125905568124,
    0.12493873660829993,
    0.09691001300805642,
    0.07918124604762482,
    0.06694678963061322,
    0.05799194697768673,
    0.05115252244738129,
    0.04575749056067514
  ]
}